{"cameraMode":{"drawMode":0,"name":"Shaded","section":"Shading Mode"},"sceneLighting":false,"audioPlay":false,"sceneViewState":{"showFog":true,"showMaterialUpdate":false,"showSkybox":false,"showFlares":true,"showImageEffects":true,"showParticleSystems":true},"in2DMode":false,"pivot":{"x":39.39605712890625,"y":18.601064682006837,"z":-420.1589660644531},"rotation":{"x":0.020268907770514489,"y":-0.9793798327445984,"z":0.1279493272304535,"w":0.1555805653333664},"size":14.014551162719727,"orthographic":false}