{"cameraMode":{"drawMode":0,"name":"Shaded","section":"Shading Mode"},"sceneLighting":false,"audioPlay":false,"sceneViewState":{"showFog":true,"showMaterialUpdate":false,"showSkybox":false,"showFlares":true,"showImageEffects":true,"showParticleSystems":true},"in2DMode":false,"pivot":{"x":42.846778869628909,"y":22.41171646118164,"z":-418.0884704589844},"rotation":{"x":-0.17589698731899262,"y":0.16738015413284303,"z":-0.030151933431625367,"w":-0.9697496294975281},"size":9.308232307434082,"orthographic":false}