{"cameraMode":{"drawMode":0,"name":"Shaded","section":"Shading Mode"},"sceneLighting":false,"audioPlay":false,"sceneViewState":{"showFog":true,"showMaterialUpdate":false,"showSkybox":false,"showFlares":true,"showImageEffects":true,"showParticleSystems":true},"in2DMode":false,"pivot":{"x":46.439998626708987,"y":20.770000457763673,"z":-412.510009765625},"rotation":{"x":-0.19637905061244965,"y":-0.544456422328949,"z":0.13289965689182282,"w":-0.804596483707428},"size":0.8241701722145081,"orthographic":false}