{"cameraMode":{"drawMode":0,"name":"Shaded","section":"Shading Mode"},"sceneLighting":false,"audioPlay":false,"sceneViewState":{"showFog":true,"showMaterialUpdate":false,"showSkybox":false,"showFlares":true,"showImageEffects":true,"showParticleSystems":true},"in2DMode":false,"pivot":{"x":46.463226318359378,"y":18.413570404052736,"z":-415.33734130859377},"rotation":{"x":0.14374804496765138,"y":0.4715147316455841,"z":-0.07824615389108658,"w":0.8665708303451538},"size":4.838096618652344,"orthographic":false}