{"cameraMode":{"drawMode":0,"name":"Shaded","section":"Shading Mode"},"sceneLighting":false,"audioPlay":false,"sceneViewState":{"showFog":true,"showMaterialUpdate":false,"showSkybox":false,"showFlares":true,"showImageEffects":true,"showParticleSystems":true},"in2DMode":false,"pivot":{"x":37.54802322387695,"y":19.512466430664064,"z":-422.7138671875},"rotation":{"x":0.0713374987244606,"y":-0.6648358106613159,"z":0.06402107328176499,"w":0.7408148050308228},"size":7.2676262855529789,"orthographic":false}