{"cameraMode":{"drawMode":0,"name":"Shaded","section":"Shading Mode"},"sceneLighting":true,"audioPlay":false,"sceneViewState":{"showFog":true,"showMaterialUpdate":false,"showSkybox":true,"showFlares":true,"showImageEffects":true,"showParticleSystems":true},"in2DMode":false,"pivot":{"x":36.51860046386719,"y":20.25508689880371,"z":-421.0572814941406},"rotation":{"x":-0.09900180250406265,"y":0.8724634051322937,"z":-0.19768120348453523,"w":-0.43610745668411257},"size":16.931556701660158,"orthographic":false}