{"cameraMode":{"drawMode":0,"name":"Shaded","section":"Shading Mode"},"sceneLighting":false,"audioPlay":false,"sceneViewState":{"showFog":true,"showMaterialUpdate":false,"showSkybox":false,"showFlares":true,"showImageEffects":true,"showParticleSystems":true},"in2DMode":false,"pivot":{"x":0.0,"y":0.44602343440055849,"z":-0.08728188276290894},"rotation":{"x":0.0862794741988182,"y":0.8146911263465881,"z":-0.12562960386276246,"w":0.5595112442970276},"size":2.0922904014587404,"orthographic":false}