{"cameraMode":{"drawMode":0,"name":"Shaded","section":"Shading Mode"},"sceneLighting":false,"audioPlay":false,"sceneViewState":{"showFog":true,"showMaterialUpdate":false,"showSkybox":false,"showFlares":true,"showImageEffects":true,"showParticleSystems":true},"in2DMode":false,"pivot":{"x":46.90736770629883,"y":18.948909759521486,"z":-416.7005310058594},"rotation":{"x":0.08595208823680878,"y":0.08836843073368073,"z":-0.00766157079488039,"w":0.9923612475395203},"size":5.432284832000732,"orthographic":false}