{"cameraMode":{"drawMode":0,"name":"Shaded","section":"Shading Mode"},"sceneLighting":true,"audioPlay":false,"sceneViewState":{"showFog":true,"showMaterialUpdate":false,"showSkybox":true,"showFlares":true,"showImageEffects":true,"showParticleSystems":true},"in2DMode":false,"pivot":{"x":42.71247863769531,"y":19.849348068237306,"z":-421.2917175292969},"rotation":{"x":0.00193117989692837,"y":0.9569928050041199,"z":-0.2906932830810547,"w":0.007193716708570719},"size":6.005546569824219,"orthographic":false}