{"cameraMode":{"drawMode":0,"name":"Shaded","section":"Shading Mode"},"sceneLighting":false,"audioPlay":false,"sceneViewState":{"showFog":true,"showMaterialUpdate":false,"showSkybox":false,"showFlares":true,"showImageEffects":true,"showParticleSystems":true},"in2DMode":false,"pivot":{"x":43.026058197021487,"y":18.916866302490236,"z":-431.724853515625},"rotation":{"x":0.047171443700790408,"y":-0.9219844341278076,"z":0.11904308944940567,"w":0.3655076324939728},"size":18.706348419189454,"orthographic":false}