{"cameraMode":{"drawMode":0,"name":"Shaded","section":"Shading Mode"},"sceneLighting":true,"audioPlay":false,"sceneViewState":{"showFog":true,"showMaterialUpdate":false,"showSkybox":true,"showFlares":true,"showImageEffects":true,"showParticleSystems":true},"in2DMode":false,"pivot":{"x":64.24034881591797,"y":17.52549934387207,"z":-405.4968566894531},"rotation":{"x":-0.10000596195459366,"y":-0.8887186050415039,"z":0.23252196609973908,"w":-0.3822610676288605},"size":12.303184509277344,"orthographic":false}