{"cameraMode":{"drawMode":0,"name":"Shaded","section":"Shading Mode"},"sceneLighting":false,"audioPlay":false,"sceneViewState":{"showFog":true,"showMaterialUpdate":false,"showSkybox":false,"showFlares":true,"showImageEffects":true,"showParticleSystems":true},"in2DMode":false,"pivot":{"x":43.369998931884769,"y":18.586000442504884,"z":-430.07000732421877},"rotation":{"x":-0.09507887065410614,"y":-0.8671035766601563,"z":0.18154950439929963,"w":-0.45405662059783938},"size":2.841658592224121,"orthographic":false}