{"cameraMode":{"drawMode":0,"name":"Shaded","section":"Shading Mode"},"sceneLighting":false,"audioPlay":false,"sceneViewState":{"showFog":true,"showMaterialUpdate":false,"showSkybox":false,"showFlares":true,"showImageEffects":true,"showParticleSystems":true},"in2DMode":false,"pivot":{"x":49.2400016784668,"y":18.649999618530275,"z":-416.6099853515625},"rotation":{"x":0.1350008249282837,"y":0.8452922701835632,"z":-0.2531681954860687,"w":0.45075756311416628},"size":3.6232714653015138,"orthographic":false}